relative_path,bytes,sha256
code/assemble_material.py,5066,9580bd2c1eb8e3a45bc6932ffa8f8bf5eb76c5f0ec6c0498632f93a102797776
code/experiments/aistats2027_exp38_profile_diagnostic.py,15179,54951a31871708aca95698d018318c74efd44a3566876456773a96ec40e1ac86
code/experiments/aistats2027_exp38_projected_baselines.py,21861,1247a09e8fd689e678d02a07794771f41dcd39d1c61787f4c45368f7712d3a59
code/experiments/aistats2027_exp38_structured_sw.py,16967,e0db3ee7a887e09d9f63ea70753fbec0538145c68b2d11e2c27752600110f93f
code/experiments/aistats2027_exp38_threshold_audit.py,9846,a444d5b3e8694340bd86cd6a81b31c4496fd79cb1baa332587ff05eb41833369
code/experiments/aistats2027_final_nonlinear_benchmark.py,14921,765ac692f6b9801f901b059bd25f6328f61943aaf6c265ac0e5da8659651c475
code/experiments/aistats2027_joint_sliced_calo.py,10124,cf23eda2f4753ef972c9099adcb7f16f1e8c3b22c8b1804135f688c211c77cf9
code/experiments/aistats2027_misspecification_targets.py,17203,2b3cf3c8763a7e1af11ef98fe2fe57092b28013800d53903723117bbd37d91b5
code/experiments/aistats2027_nonlinear_curvature.py,17729,5da84f7808a601eeb1c756ba6f5ec22ad0aba485027f04dc50a43d3ca9a795e8
code/experiments/aistats2027_nonlinear_sensitivity.py,18077,c6f10d29559d083c2c2c333fe79635da45b67fb0e579d8fa82e309f71d712e57
code/experiments/aistats2027_nonlinear_transform_experiment.py,24254,f2d885262917ba7edc86933f5126c2d1fc9439b64aed3dcdecfabcd85e5c2beb
code/experiments/aistats2027_rotation_separation.py,8270,af8df51521bf83ef6929f7aeeca7958a77f2b4d6cfe0dd931fb80e8ffe7b5628
code/experiments/aistats2027_synthetic_benchmark.py,12827,7b262999bc09c0daec9f309a3b70603836aaf19b8ebad136bd992415aa0f53a9
code/export_calorimeter.py,5180,baaf0b52e88048944f70ba30eeb7f21c28e855705be2f736822dc486ec46dca3
code/make_file_manifest.py,978,da86c2d861c781d220967f0170a9d74e7b85391c585ccee33d1c2766b477278c
code/recompute_thresholds.py,4305,6b63771069de1a66ccb3a4985eba06730fa879b7d00c7c0415aaea5f293ef29a
code/verify_reported.py,12315,73eece6b129282f7a98447e12b10f8f7ea6e6e77d40e6700f8261090ddfa4ddb
data/README.md,1125,95bca8030497df3fd518a05618446154e6b5ad2dcb8af190434214f79cc6ce3f
figures/curvature_vs_uncertainty.pdf,19305,b76e5032a935e410b740025bd93ed58ab967ec1869b326d05e4db1f37c04f421
figures/exp38_objective_profiles.pdf,26402,6e40deec4982a17bc3514c2ccbee5815dbf77bf689efc8f8a8a0f2f0665d6cad
figures/main_figure.pdf,18039,b6cf050e9c4b4c15f789b209df546a0c3e44559dddf7bfe459a4a940176c8fd6
figures/parameter_rmse_vs_noise.pdf,16496,91c67195e704df20ccaceb80b5c44454029af55c3174be901384862bd9933e52
figures/parameter_rmse_vs_sample_size.pdf,17009,6fad69faadf03ea67506c8708ab67f63b3b6fc9a4c2641fffbc6388e39a0ac64
figures/pseudo_true_trajectories.pdf,26734,e515d0d30e25f5c69506e727a78f392c4c2db824fe916f931624aa6f5a315434
figures/rotation_identifiability.pdf,17169,0d83b42aa2a43af3db01a479691efd82133cf609df982ef2ab2831ecad777b56
figures/separation_sweep.pdf,23800,e4c26965ebce8f138492909a2ef18524beda7b7e91be81d3874012ee2954893d
README.md,11414,11170f30afc396e9a50e3388e9a5e96061d1fad8ece83e193934d4e5c5c957cb
requirements.txt,149,587a71d02b4eff1ef8e1d7b30030fb465c42432d97726a996747a1915a9d4c8f
results/exp38_event_level/exp38_combined_comparison.csv,4090,70c8d497129472b51039b5cc5c927fd8d8747843503b25fd9e6be223f3c42f92
results/exp38_event_level/exp38_event_level_comparison.pdf,19936,2bb3d98b73ce3347b4fa9f59c9131eda642db64c516d16692d59fdaac0e48616
results/exp38_event_level/exp38_event_level_comparison.png,123202,1c914c3f45512980383886863c004a3ef0378187f2371191aa92f8c8541f143d
results/exp38_event_level/exp38_expanded_comparison.csv,6430,80722938fb4391675e6491d83048e466d370c6f236c90877a0e144dc910cee3a
results/exp38_event_level/objective_profiles/key_points.csv,1890,5233be5a262a0d776f9fca58885c4a0db5f51602c6293638566b175fe2d51e9c
results/exp38_event_level/objective_profiles/metadata.json,768,1225592d94171a0bea36e33807f9481233578c7c6997f5f2d49e5a9d518ed883
results/exp38_event_level/objective_profiles/objective_profiles.pdf,26402,6e40deec4982a17bc3514c2ccbee5815dbf77bf689efc8f8a8a0f2f0665d6cad
results/exp38_event_level/objective_profiles/objective_profiles.png,485081,53272407df06ef186839dde585cb73953ca89b798dcf095a0d3d92a5c94cdb53
results/exp38_event_level/objective_profiles/profile_resamples.csv,204654,87cb1b3079fce15138ea24a43e3fe8c40f0b848b21882c88a5bd6776ebaa1eb4
results/exp38_event_level/objective_profiles/profile_summary.csv,12741,4e064fda18adf7386a9271a2d2335fe5b1028a18f0f07e4875d0876001879357
results/exp38_event_level/projected_baselines/150000_0-1/energy/metrics.json,1122,b99cc1c5e102b26ccb50f2b488d9ff1388eeaab44a719facd90609cc2693911b
results/exp38_event_level/projected_baselines/150000_0-1/energy/predictions.csv,89905,d53ad0f7e0f60e691048807ba1c261d799919e1339ebd9ccf97dad8564be2c0b
results/exp38_event_level/projected_baselines/150000_0-1/mmd/metrics.json,1180,04695b752db091fd8b747af6d01ab8dd0027387af20e07d54087d466e97e5bbb
results/exp38_event_level/projected_baselines/150000_0-1/mmd/predictions.csv,89641,71ce16906b500c793b2c7cb6b46ea50a78702bc88c3f86630641c6f18617e728
results/exp38_event_level/projected_baselines/150000_0-1/moments/metrics.json,989,6b30cf0ecb7db2eaebf895bb7e9eb0fa7419159089424e4b363a6e33f6374d81
results/exp38_event_level/projected_baselines/150000_0-1/moments/predictions.csv,91599,b24515ffcf84bb5ea44be6108aba59a035f8df6565bff3fd8477b658701f4726
results/exp38_event_level/projected_baselines/150000_2-3/energy/metrics.json,990,159b90065117fe7d0b644ab7269f6d75dd1ea130236447c481d0698d793bbdac
results/exp38_event_level/projected_baselines/150000_2-3/energy/predictions.csv,91587,ac96c98a9a25a53171f74a0f7d4d42d9c47cd822d667044b8a6954a029500d59
results/exp38_event_level/projected_baselines/150000_2-3/mmd/metrics.json,1053,2cb4a230f91f1f479300164bbca35bf8ccb9ec9c4ac7b63032b970537578b595
results/exp38_event_level/projected_baselines/150000_2-3/mmd/predictions.csv,91564,0fe4f4bd63ab5301c5fdc304cbdc46679c58a6386d0b0960bfd1a82d1cde2681
results/exp38_event_level/projected_baselines/150000_2-3/moments/metrics.json,988,2462fa863b1407e7c337d75683e67efbe7a64bd59d74ed83c0d7e7306d611a3a
results/exp38_event_level/projected_baselines/150000_2-3/moments/predictions.csv,91605,aaedae096adbe6d72ccb5d410e3ae9981f3a8fede04c395cd61295ee058c7ccb
results/exp38_event_level/projected_baselines/150000_4-5/energy/metrics.json,989,8dcad0d2955dccc55aa2219a37522eabd10611c690d57f6da57409e934083099
results/exp38_event_level/projected_baselines/150000_4-5/energy/predictions.csv,90993,b0991729416e5d7094a87a77aab6fe150fdf75aa146ee58bc2b507d38ebe0171
results/exp38_event_level/projected_baselines/150000_4-5/mmd/metrics.json,1049,09e68894c83d3f0e9701ab093c709d3b7b67eec837613c1db96a94b8eb6af749
results/exp38_event_level/projected_baselines/150000_4-5/mmd/predictions.csv,91570,f80b767e1c0094f612fbd0025657233af02e9fe1daa3afefb771652c985f9595
results/exp38_event_level/projected_baselines/150000_4-5/moments/metrics.json,988,93e454a25f4b8616de96f2fa91f1e35166eaaa5e0c9132cfbf5d3b5759142b6a
results/exp38_event_level/projected_baselines/150000_4-5/moments/predictions.csv,91572,79963778f45112d18134f0227d28833998d0b00c2af92ceb8c6a8a5da3f8097f
results/exp38_event_level/projected_baselines/150000_6-7/energy/metrics.json,1120,3d8ff6b2edfba9a556cab3fcedf53b0993bdc32f6c775a0c020d9d524b404c6e
results/exp38_event_level/projected_baselines/150000_6-7/energy/predictions.csv,90415,e899d91ef1903bed4ddee635365e91f083cc60a725d45f5f54b5b94ce02ecd3a
results/exp38_event_level/projected_baselines/150000_6-7/mmd/metrics.json,1045,235eaa2ee304720c76c4b5be2b3b921726ed36bd8488e198d8849cf700268a47
results/exp38_event_level/projected_baselines/150000_6-7/mmd/predictions.csv,90603,de14ceedf13e5c84b4b0322b0c32d5a5ab78fcee1b27bbf33f30d3010c247f45
results/exp38_event_level/projected_baselines/150000_6-7/moments/metrics.json,991,4b754ca59ba8ef8880ad580e83913496b588b54c0cb3d7c73cb63c325bed28c9
results/exp38_event_level/projected_baselines/150000_6-7/moments/predictions.csv,90504,ea49f652a95a56c1d3f6db395234d0c3cc323650a84f6013414bff1023926085
results/exp38_event_level/projected_baselines/250000_0-1/energy/metrics.json,991,8d2c5ced720b069db6a79ac6250161d723fba2622ff09f423cc8dd606eec6a58
results/exp38_event_level/projected_baselines/250000_0-1/energy/predictions.csv,91579,1ca619494a7f6391c7eeb7e29d36b855721229f6eecd70ee30f257fa2128686a
results/exp38_event_level/projected_baselines/250000_0-1/mmd/metrics.json,1178,cdbc80ca28a15ef8fad19103ce725044df42956043c2b7030a378e862b4f8d22
results/exp38_event_level/projected_baselines/250000_0-1/mmd/predictions.csv,91572,4e0eef8491c24be71aa5040e424d45f0b53fb33a926247b46d721cf341a66b17
results/exp38_event_level/projected_baselines/250000_0-1/moments/metrics.json,986,6767ecdfa5119f1cf94c07bf9062e4b3f6f46f5c62719a814ac9146e58d10b94
results/exp38_event_level/projected_baselines/250000_0-1/moments/predictions.csv,91557,58c7f69da5fea63bed86e5fcedca4094d7454d073d0597e02699bd135314e54a
results/exp38_event_level/projected_baselines/250000_2-3/energy/metrics.json,989,e408b0cbc6ff7cfc3232f0eb7d8ac4f72fe340a266e795196c417763d4c94e54
results/exp38_event_level/projected_baselines/250000_2-3/energy/predictions.csv,91566,6b2d04a4d20012c7f56c58ef178f6d7de5cc1af4630cf17ad2cf70a8b023ef28
results/exp38_event_level/projected_baselines/250000_2-3/mmd/metrics.json,1049,5dc1bfdbe30d262bfb76eedf96bc56984e847dc4f813bc2a55fd81bbf3cd1724
results/exp38_event_level/projected_baselines/250000_2-3/mmd/predictions.csv,91598,7d7b6ee03a4fba0af23ab9d54376ccf5198b9817ca12db991c8bd25254cbc168
results/exp38_event_level/projected_baselines/250000_2-3/moments/metrics.json,1117,79f96afffa87806490d305b53eaa0fe0b21e539f92bfa05dcbbb8253f2a12e6c
results/exp38_event_level/projected_baselines/250000_2-3/moments/predictions.csv,90517,2ad9718e593a24f0cbe2a13916d8f083e550e71d269c44759c2358b746f9f1fe
results/exp38_event_level/projected_baselines/250000_4-5/energy/metrics.json,1119,51fd92879fbc506c3b09ae8ec8b82c2f143cc9a44d17944d6757251b74ee9cbb
results/exp38_event_level/projected_baselines/250000_4-5/energy/predictions.csv,91134,4cf71d1e0ce2e934b4b6c6bee9c27b6425a8cf92e4a78233a04197767fd6ecf0
results/exp38_event_level/projected_baselines/250000_4-5/mmd/metrics.json,1178,4e89cf1fbfe72ccb10b8dcc5a871d4cde3c117ca22a4cdc20adf85a18f86db6b
results/exp38_event_level/projected_baselines/250000_4-5/mmd/predictions.csv,90763,ee4f5c32a90600b8c37b20f224ed255115c378aa683a538942f206f9a8b3255b
results/exp38_event_level/projected_baselines/250000_4-5/moments/metrics.json,986,1efe1918bd5536953fb34993df7d2bf03c664bd0542f2c58284a3cf5e9c3f072
results/exp38_event_level/projected_baselines/250000_4-5/moments/predictions.csv,91565,b8411a83e1d295b5c81d6322c004a9b67beb6a198b1ce99546659cc98f9eac0f
results/exp38_event_level/projected_baselines/250000_6-7/energy/metrics.json,1117,e374beee4702db0db8223d242b8fc70f4a77cc0524548bda1f7fafc476a7d1b7
results/exp38_event_level/projected_baselines/250000_6-7/energy/predictions.csv,91561,79b2233ac3de56ae7702dfc1a7c8f860ffe114f7a7e0bba6d31eaecf707c8388
results/exp38_event_level/projected_baselines/250000_6-7/mmd/metrics.json,1184,a87b72177ad3d735c2cd7e4efd33bc482b72f7ec00e0b5362f0635afb037d7b8
results/exp38_event_level/projected_baselines/250000_6-7/mmd/predictions.csv,91586,ea1ea3d4e75af1b29b3ee347bc75c18e547233a3b035c374343322c4ffcb65ca
results/exp38_event_level/projected_baselines/250000_6-7/moments/metrics.json,1121,5766c0e3482d6fbd2c96f21638b0f54b1c4cdce3dbbdb89fd551df1be780346c
results/exp38_event_level/projected_baselines/250000_6-7/moments/predictions.csv,91563,64ec1ea78b61329f52781dc1eee66aabebb3416505213e899592b1b4c34a81ba
results/exp38_event_level/projected_baselines/50000_0-1/energy/metrics.json,1111,a89b23a49c3bd35d2c9ebbfa1662b8cb865e329165a764266f371cf3759a7f37
results/exp38_event_level/projected_baselines/50000_0-1/energy/predictions.csv,91084,d6576aee0374b5ce0812eb99cb846f1b17a590dd78f6b22dca05597207c262ab
results/exp38_event_level/projected_baselines/50000_0-1/mmd/metrics.json,1173,fc790be27754541329c2eb063a349946fef2e1224f94a999ef81bb2d322c1107
results/exp38_event_level/projected_baselines/50000_0-1/mmd/predictions.csv,91021,9ee0f67e54cc291566c9bffba7ba9f185c6945ee7247b5ef0a93407df94409f4
results/exp38_event_level/projected_baselines/50000_0-1/moments/metrics.json,1114,ab1e249ae6ea4fe9366bcbcb8dda7c8f1363b3d89920f6a1682abcbb09a2270f
results/exp38_event_level/projected_baselines/50000_0-1/moments/predictions.csv,91570,582740d1a06b3d3b736fc190456e0c9abed1bbf31bc3b7cfe77b91f486f102b6
results/exp38_event_level/projected_baselines/50000_2-3/energy/metrics.json,1115,eff6220231bb06aa77c6bdf04efc9ade60e5544318c03a6102b9f89445730f0a
results/exp38_event_level/projected_baselines/50000_2-3/energy/predictions.csv,91348,3d1f739c00bf3ba2a0baaf6e0430b8699ee456963aa899e748f29e2c84baecda
results/exp38_event_level/projected_baselines/50000_2-3/mmd/metrics.json,1175,9643159a154579a9bee168709595d1cf9db1ca36f99f787e55d0c5423005d5d1
results/exp38_event_level/projected_baselines/50000_2-3/mmd/predictions.csv,91118,9d5180e29823f79d89bfae5eb272d4dc112ad2b67e01eb2fca178158e18c5a99
results/exp38_event_level/projected_baselines/50000_2-3/moments/metrics.json,1109,1a8062d4a15822d5b9a9932c332faf3be46a549bb07080e0c92c492b291a10c1
results/exp38_event_level/projected_baselines/50000_2-3/moments/predictions.csv,91558,eca84e521995776579bc5b25f745b7f790de0b5df615fef7d78aecbfbf9e4846
results/exp38_event_level/projected_baselines/50000_4-5/energy/metrics.json,1110,d9d6ff6a80153945ab9d67408b2abdf2afa712b19e798edbaa1d7114b3c19beb
results/exp38_event_level/projected_baselines/50000_4-5/energy/predictions.csv,90642,585e44fec552b6948887e6afeb1ae2887f1eeee3e549819e93e08d784183cb17
results/exp38_event_level/projected_baselines/50000_4-5/mmd/metrics.json,1050,de13ecb2bedec3a8a08b3fed07ca8c9e90d466be45f68a1f813a24826b2202a6
results/exp38_event_level/projected_baselines/50000_4-5/mmd/predictions.csv,90775,d91f9a176220e831d1d8d5c89da978eeded7c050497efd9be38cad0f874e5117
results/exp38_event_level/projected_baselines/50000_4-5/moments/metrics.json,1117,0f6775d4753c5b2744e8e1a77e7ef18beae15ae4a01beb43015cfe4e6d72ac96
results/exp38_event_level/projected_baselines/50000_4-5/moments/predictions.csv,91109,59a73a4e9fdcec1f8193af4810e82057c382cea80520857b67535c4a5f08f8a7
results/exp38_event_level/projected_baselines/50000_6-7/energy/metrics.json,980,d2ba43277447f6e710f16c4c400b5edee330bd2a425f9e856412463d77e257a5
results/exp38_event_level/projected_baselines/50000_6-7/energy/predictions.csv,90831,67b800839ada29d9b38d8824ade1368782ccd5151cc41faed1f9b461f54eddae
results/exp38_event_level/projected_baselines/50000_6-7/mmd/metrics.json,1044,7f7f85c318d96951503371659fd1f45f6afa1ffa600b023730c14c582a391b91
results/exp38_event_level/projected_baselines/50000_6-7/mmd/predictions.csv,91546,96434b165728b69096ec4911476e0fb156d82212d2a604c771bf34f7ae92fa01
results/exp38_event_level/projected_baselines/50000_6-7/moments/metrics.json,986,114f19cd59939eeb1e398ad532703ebe127285110420214fa0bce3cfc5c5b5e8
results/exp38_event_level/projected_baselines/50000_6-7/moments/predictions.csv,91266,c3b50a4adf4022edc17c0e3951449fd77965a2287fe2991e74ba4842858506c3
results/exp38_event_level/projected_baselines/90000_0-1/energy/metrics.json,988,a095af9384be41646a5bcf6d857e778b88dd36a3ae54c7442ce8f1c56056ec7e
results/exp38_event_level/projected_baselines/90000_0-1/energy/predictions.csv,91602,99e88455d136b580157987341ad1bf809c46f1a11f8778667a1c81c30939b5e9
results/exp38_event_level/projected_baselines/90000_0-1/mmd/metrics.json,1050,bd3637bcc7462412f11785e174421914d3d57800deb642285fcc6ecdb4f6bf2e
results/exp38_event_level/projected_baselines/90000_0-1/mmd/predictions.csv,91560,c2c7c0da77814001c253ca1ef50a1f79af2e3449464cbf56d4a938b788656ed1
results/exp38_event_level/projected_baselines/90000_0-1/moments/metrics.json,1118,2f6c3a6aec6a9e48c4811008ef12b42cb4ff9ee737294fa06a1fb1f875198426
results/exp38_event_level/projected_baselines/90000_0-1/moments/predictions.csv,90979,ae17cf287ff28267defd09642e7831886ecd24f153883270cd128db7c2aa7796
results/exp38_event_level/projected_baselines/90000_2-3/energy/metrics.json,1117,e4aacbf226f7f0f32ca1c95dbb5adb7456f399ae7e64be4396c3b77f9e1f2573
results/exp38_event_level/projected_baselines/90000_2-3/energy/predictions.csv,91563,acf90c7ea87a11dbfdf148ccda86a82769d5f138fe30f830ca37ab227ecac271
results/exp38_event_level/projected_baselines/90000_2-3/mmd/metrics.json,1050,beeeb96701e343c28fe132017d2f31f42ccf4be483a356b99585f02b8c51b69d
results/exp38_event_level/projected_baselines/90000_2-3/mmd/predictions.csv,91537,204d86697828fa6f7bbda0e1953bd56f92ff3362540ed14663965fca4cec89dd
results/exp38_event_level/projected_baselines/90000_2-3/moments/metrics.json,988,fe26215f62d66fe6a83013b69860c5d341c18951736a51d868f1beb520805346
results/exp38_event_level/projected_baselines/90000_2-3/moments/predictions.csv,91576,c7c1730a27ddd9d1d71f8b0f02bfc33cc730a4caede65c70f056b5f37e96d943
results/exp38_event_level/projected_baselines/90000_4-5/energy/metrics.json,1112,36f8c6931b223a3ddcba9975fe7b4c028d84cf8d07d5d4ac1011dbc67e3674ba
results/exp38_event_level/projected_baselines/90000_4-5/energy/predictions.csv,91499,c3d96ddb1512c5280cb6bbd3575a9de2e84e474c3ed233bfe44d3a2ef8261d0b
results/exp38_event_level/projected_baselines/90000_4-5/mmd/metrics.json,1050,b89496061323e8a042c60b8b785f2e66d7d2c07c59d4efa9e21cd48c776c3707
results/exp38_event_level/projected_baselines/90000_4-5/mmd/predictions.csv,91565,de4875506cc0a07f2525ab2303e25ba3008850cb7b0e6574de41579b96ae7e2a
results/exp38_event_level/projected_baselines/90000_4-5/moments/metrics.json,988,df212e9a90a001b72e1c5df1d29c6220e5b75658033f751556f7f698f267b28a
results/exp38_event_level/projected_baselines/90000_4-5/moments/predictions.csv,91562,08654fc67a6c01048749f8e2e49c5c9d5fcbb13ff1a978b28cffb97576f57f34
results/exp38_event_level/projected_baselines/90000_6-7/energy/metrics.json,977,9958b6c7cd17677a547405358905fef8d2c33b25524c54e0bdd3a626f48922c5
results/exp38_event_level/projected_baselines/90000_6-7/energy/predictions.csv,91432,a13d9ec65b54b04637a22087ff6cca40e227960a5c1a3fd04d3e6f36b54e6f51
results/exp38_event_level/projected_baselines/90000_6-7/mmd/metrics.json,1052,fb39a43ab0d7438298cf1bdc1531d6140a9309ad3d9e731731dbe5abd575d2f5
results/exp38_event_level/projected_baselines/90000_6-7/mmd/predictions.csv,91598,c9d516820927b1d4f51f9180f1b24fd34e33d3bb6bb3becc7f9be684295fe2f2
results/exp38_event_level/projected_baselines/90000_6-7/moments/metrics.json,987,85a951e73be277b5cacedc0c4a8c24cc3668570265ef6c7cee296b62eede68f1
results/exp38_event_level/projected_baselines/90000_6-7/moments/predictions.csv,91229,ce96c67c5964690699e15d64270140e33d28ffc3a298d3e24894d6624c55de60
results/exp38_event_level/projected_baselines/metadata.json,705,73230c4becd52c43e1e90846a8dd04fa76c70c5e4329f3ccb12e37ad7c1b3a92
results/exp38_event_level/projected_baselines/pair_metrics.csv,21923,dccfb6bacae0caab8ee5ce2ccda9d72bdb4cc2f3d8f9a20b4d568c4480987c6c
results/exp38_event_level/projected_baselines/summary.csv,2218,970b6fb199f8190ed1f921eb1a43928a890edbac3adda25ecc5e8274170001cb
results/exp38_event_level/structured_sw/150000_0-1/metrics.json,995,22ca2989c09a2a0f893e8db14a1da0b44a7944c19406950a7a1d6d1d694e7555
results/exp38_event_level/structured_sw/150000_0-1/predictions.csv,108142,cdc3ed8451194cb6a32f76b3330ae55be68ba686d84a073318847d8695969822
results/exp38_event_level/structured_sw/150000_2-3/metrics.json,979,c12ed4be34bb3738f6e4e74cf5fad89f41b76decbbffe8d629ae16a396425ae6
results/exp38_event_level/structured_sw/150000_2-3/predictions.csv,108744,7881130a29606d51272783aeeb955ef90258eaa4682abf169f98d6e507fd70f9
results/exp38_event_level/structured_sw/150000_4-5/metrics.json,985,c71abe8f8aae7c76a401231ec0a240487e838f2b1c5ec34604899c42d1603976
results/exp38_event_level/structured_sw/150000_4-5/predictions.csv,108737,246a9c114705811caafe1d1758609a5645d7d6ba9126d883098adb98386b9405
results/exp38_event_level/structured_sw/150000_6-7/metrics.json,1124,d26b728be0b853437f6f6c0808c42efdde8b2f7c6feb54aed26e0969186897b4
results/exp38_event_level/structured_sw/150000_6-7/predictions.csv,108729,2a1ff7dc9f59cf7029a03d19bd2b00bafc37f39e2bf26bf9fddfe91939b96d4d
results/exp38_event_level/structured_sw/250000_0-1/metrics.json,993,59425f750b8d31560cb4afa4972f2ab3c92ef259dca3a33ac4f84ad86995eb97
results/exp38_event_level/structured_sw/250000_0-1/predictions.csv,108741,743d1ec4302ca6854af18fd46cf8f428dc006988ecefe114b6fe24e83e9bc815
results/exp38_event_level/structured_sw/250000_2-3/metrics.json,992,eaf1379e0553a1b3c8854ef6d0cfc9987460d86f95e33d62c5220b4f802de0d6
results/exp38_event_level/structured_sw/250000_2-3/predictions.csv,108740,05757a19c0711aeca4792c1a81e4b44cd77f389de734ad67e1b713ed326e0b65
results/exp38_event_level/structured_sw/250000_4-5/metrics.json,992,570059d455144c136c7371b451748c887753ed5b72916b2bee50ed9fb2b5e878
results/exp38_event_level/structured_sw/250000_4-5/predictions.csv,108724,a68d59ca3a1acd9dec413f24df62507088e57a08d3c0613fa645f8ebd9be4d35
results/exp38_event_level/structured_sw/250000_6-7/metrics.json,1126,966f614b3fe3f76842bb1bd85085f160290eda9a7f858edf3ab00ec78bb8a004
results/exp38_event_level/structured_sw/250000_6-7/predictions.csv,108477,94a798a8b55bc1774bb0ced8891ac49543750365292d9b311e0558c6a6ad3109
results/exp38_event_level/structured_sw/50000_0-1/metrics.json,1110,51935b84d32853471e592a295d52ee91bba734d7e0d79d377d8259e19aa6f0b0
results/exp38_event_level/structured_sw/50000_0-1/predictions.csv,108357,c66a1057038adb074a4a814f3091fe35297c7e42a256f4696eb0b77b1d0bb58e
results/exp38_event_level/structured_sw/50000_2-3/metrics.json,1103,65c24e1641ffe0d992cf619d6a202f157b1aa9cfab67c2d6d66a86f25ba04a7d
results/exp38_event_level/structured_sw/50000_2-3/predictions.csv,108570,1b7c04b82815407e98707243d88ba06d8f434a7702404538515a5ad5fc9eaa12
results/exp38_event_level/structured_sw/50000_4-5/metrics.json,1120,1d3f3bc8a6b1f53b6858564bbb299beb7c1a78356737dc9ca9a3112e1f796790
results/exp38_event_level/structured_sw/50000_4-5/predictions.csv,108714,00a393231aaa3ea83a5e886f6575db69c900d65dea81e57d7bde01c7e879d976
results/exp38_event_level/structured_sw/50000_6-7/metrics.json,1119,e0a71fb0c64c8dbf089fa6e75b0292da14e396d65649db771c716bc221a639ca
results/exp38_event_level/structured_sw/50000_6-7/predictions.csv,108110,8b46a714d0a0c67e994f10957012cae96ba7e81a4c6c0098fd16232095e25e43
results/exp38_event_level/structured_sw/90000_0-1/metrics.json,991,4c1eb9a5a9f4814fe1c6836c49f94b07a830d56d16a3e6c5db4b57d73aebad44
results/exp38_event_level/structured_sw/90000_0-1/predictions.csv,107969,fed6b8ba66ac60859759105662e1d338b49c7eb004176c893a31f760257932f5
results/exp38_event_level/structured_sw/90000_2-3/metrics.json,989,9cc21a70a2b89fd53090ffe2b334d757682eb04d6b44a9fcf0608c3d797375c8
results/exp38_event_level/structured_sw/90000_2-3/predictions.csv,108433,c28f45b4fdaff5306d0c8f46eab235af83bc3031da56566dfeb2d21a4d18bd8d
results/exp38_event_level/structured_sw/90000_4-5/metrics.json,990,d998116f729f6c4fd8ab074bcf7d58139287c035eb9fe0e11e0979c1eae4865d
results/exp38_event_level/structured_sw/90000_4-5/predictions.csv,108750,8802f98113a0d11df0ff16fb41dcd917c57bbdd32891444804722847e7103cd2
results/exp38_event_level/structured_sw/90000_6-7/metrics.json,989,624aa05550710b864f9eea0769fa529c103b82ea38cabe183f5a610d09666b66
results/exp38_event_level/structured_sw/90000_6-7/predictions.csv,107991,b764bb37cfd954dd0fe0528711bdb6022aaf6c9ce851083d289f5602ab18104d
results/exp38_event_level/structured_sw_metadata.json,487,2cffdaebd0e2c0fc0986e3ddda45513d9a8bcd22704fa757e6cb470a28d3a4d3
results/exp38_event_level/structured_sw_pair_metrics.csv,7128,3b21381fca877152f7321192ff19d37a162cb55fcc1c1a51f37571e9ba0360c3
results/exp38_event_level/structured_sw_summary.csv,1244,44322026e72d7467537cff0b305131aba30b1d509bf7cffdab9e5206481c9ac5
results/exp38_event_level/threshold_metadata.json,326,3b7b387a6f0497272831e0d39229bf5566a05b5fe177032dad0302ed8eb92ef3
results/exp38_event_level/threshold_pair_runs.csv,19296,5cac2acbaa83c4c9ad6f3090d3582012ddbcb3f1e2fc72742cd2c3c171efb5ee
results/exp38_event_level/threshold_summary.csv,2482,f20c93c525a0418983314c374b601ad6222b0f9d119e25d3204e253996c5e3b6
results/exp38_event_level/threshold_sweep.pdf,18881,c39f7e7786026f873f477869353e3cbae73add06468cf4864dacddb71448bd28
results/exp38_event_level/threshold_sweep.png,114016,97cdddfda280419b5b0cdb660604c9052ec0156ac860ab36fc00f757980568d2
results/misspecification_targets/finite_fits.csv,19847,cd5a85bf1179555b6bb19dde778ac3f66042ac9e920a76c3d2f883274e5742c2
results/misspecification_targets/mc_targets.csv,2072,305df029b286913e48c889f0ba09843326f737f160c3dc17f8e995100b43ed2f
results/misspecification_targets/metadata.json,456,8e2304ecd68b4c383904bdb6d1bd920bcfa9d30f32401920fa55cc31e907023a
results/misspecification_targets/paired_shift_contrasts.csv,1497,37921395b3f0357e65b5f3476e8e637f719ce59bf164220865e7a73872dffd01
results/misspecification_targets/pseudo_true_trajectories.pdf,26734,e515d0d30e25f5c69506e727a78f392c4c2db824fe916f931624aa6f5a315434
results/misspecification_targets/pseudo_true_trajectories.png,217244,304179c87f393b676d77f48c607732a9ba239443ef592c21471861398a6bc025
results/misspecification_targets/summary.csv,4483,178cbdb97088f73bef21b6d6ee5c1bec30a1c9d8d03d08bd25af7538112f716f
results/nonlinear_transform/curvature/curvature_vs_uncertainty.pdf,19305,b76e5032a935e410b740025bd93ed58ab967ec1869b326d05e4db1f37c04f421
results/nonlinear_transform/curvature/curvature_vs_uncertainty.png,120080,f186a86da2ecc4512755ecf1681a589d56c9a7704159bac92a08fef317f22b6a
results/nonlinear_transform/curvature/holdout_fits.csv,30297,992c526728353001baae1d57efb4860a44aa8d3e30eb6ada158a9174d1630067
results/nonlinear_transform/curvature/metadata.json,652,a11362e8c81c521be207699e3e71730b747aa333b0f1648f3955500acc59beb5
results/nonlinear_transform/curvature/runs.csv,40659,dea654199dfbdfa470c2f51ab3993cddb500dba2f323382a5d78db13e67c6d7e
results/nonlinear_transform/curvature/summary.csv,8519,6f10fdbcc066e22e0febcad70877043f4ec34fbe51c56c7f9545cb860a7935fd
results/nonlinear_transform/final_benchmark/main_figure.pdf,17085,dcebe45d60a174e107241c3593e4703a59c9d2509748ca08b221dbd4bc118c1e
results/nonlinear_transform/final_benchmark/main_figure.png,94858,ab60d50a1ba96a661dccc417be008450da29b4e040a92967e63e8842a1111dd4
results/nonlinear_transform/final_benchmark/metadata.json,713,d728362d75645355a1ea741a687965270102429f3d26ab7239b29b2ccfc5aec9
results/nonlinear_transform/final_benchmark/paired_comparisons.csv,612,7137faae762d43d60d94ed4e17468abd0fbdecc028ef5c9bcea114d1975e4a2b
results/nonlinear_transform/final_benchmark/runs.csv,89505,41ece98bb51a72fbd4427caa8bb8e1a8412f581247a174fc3c2e6f90c7e262a7
results/nonlinear_transform/final_benchmark/summary.csv,1592,b51221eadc76f82b630495200e47a8867e9e0c7a33cd0c4391a8a3cbd5402aab
results/nonlinear_transform/final_benchmark/theta_summary.csv,1543,61208dcbf650684614b3ca665fe3e0666f16a2c1ebbd982aa4a57793e6d58dc3
results/nonlinear_transform/main_method_summary.csv,1469,809126af033b64ce83abbee5554704efdf1a3cc7a68fb3d775dcecc1bfb1b6fe
results/nonlinear_transform/metadata.json,900,389bc03123f384f0b9064886c1afd9adb5a08dbecff1828e9f2565d63ceba7f9
results/nonlinear_transform/noise_summary.csv,4774,e7a25521b799762df28769638e4111ba05f0f1aaa5b2bc95e27b2f0db4deffd5
results/nonlinear_transform/paired_comparisons.csv,2161,fc02d8edc3aa261dcd07f831a6ee57a53332d13dafe5b2feab256f95a19e5e97
results/nonlinear_transform/parameter_rmse_vs_noise.pdf,16496,91c67195e704df20ccaceb80b5c44454029af55c3174be901384862bd9933e52
results/nonlinear_transform/parameter_rmse_vs_noise.png,106620,dc9e6a4a1253030306b5b1eb84d2b700b85200351c9a9aa0b13017521ee2a15d
results/nonlinear_transform/parameter_rmse_vs_sample_size.pdf,17009,6fad69faadf03ea67506c8708ab67f63b3b6fc9a4c2641fffbc6388e39a0ac64
results/nonlinear_transform/parameter_rmse_vs_sample_size.png,112962,432f32c33dde75ec6ec0f7419d6955150ce28b084b1c9d4913f6a49b5e5be7fe
results/nonlinear_transform/runs.csv,248708,53d7d9cd71ba89cbd5b2dfe42a73379dcdf2dc37dd1cf6c930bcdf119f895415
results/nonlinear_transform/sample_size_summary.csv,3646,35ac90ed34b1bec20ce48fdd69ab26dab34039ec13e4f6e621ec111066153ba7
results/nonlinear_transform/sensitivity/metadata.json,1032,3db48e67e9b60ce1f30234f420831692fa4b9d41d0d3c0aa969990f60747e551
results/nonlinear_transform/sensitivity/paired_runs.csv,202006,4dd0a7b0ccb05b465552fbed641d24d515e735694e48d34a8bf85962bee2ff8b
results/nonlinear_transform/sensitivity/sensitivity.pdf,20775,5c5cb0bca5f257dcea62161fb2117d40fb639126db8b3e1c44d329609ce25c99
results/nonlinear_transform/sensitivity/sensitivity.png,120146,e17ff619fb1aa2f1ff54423ab8b184a3e1fa61bdf4ad173848b03941d4e9c9d4
results/nonlinear_transform/sensitivity/summary.csv,2754,cc3f7524bb0e95fc7e4f09a9b3eb91d5825cfbd56ed75653dee812cd50fc71c9
results/nonlinear_transform/sensitivity/variant_runs.csv,165958,0be176486bc3030697d5beef8349e8343c3772d629b440e3209c89337aff679e
results/nonlinear_transform/theta_summary.csv,3556,2f545f03db34b221bc8c76b3e9889f83508206c56e6b56a5ea88b063f8651b9b
results/published_sensors_context.csv,254,50bc9ac87dec251592768cec465bf60199b42fb35605850d81a3dfba6d6b78b3
results/rotation_separation/metadata.json,733,0f9e27043e6bb4711b295a7a042e0f40da639688478e7e085cc760334711180b
results/rotation_separation/runs.csv,53907,0e4c96d38715fa9b52230542b2e2a6e590c93feaec6b3fb2dd49bc4b16412252
results/rotation_separation/separation_sweep.pdf,23800,e4c26965ebce8f138492909a2ef18524beda7b7e91be81d3874012ee2954893d
results/rotation_separation/separation_sweep.png,138023,453243cb645f650dfd192f71f675d85b6bd030947ea6e9a80772aa10e84ed266
results/rotation_separation/summary.csv,1392,6c80f1fc71930f70766e0de15132fd1d84c27a66c6ab00da4a7cecb262f0fb2e
results/synthetic_n512/metadata.json,1118,d7a9a54c69b00adf00bbcc17846019999e02f601e167c23fc637d6fbe7005ea6
results/synthetic_n512/runs.csv,7323,119871b1a05a8dafe51a16434de65aeef21abbedc1ffd56fb4967296d8e1e044
results/synthetic_pilot/metadata.json,1162,2a5558e85ea594ab2bc988b006a85a5f39959d30c6200cd2436941bb0d7e1305
results/synthetic_pilot/rotation_profiles.csv,41175,f157bf748a6ba543d442ab52c63b4f0f39fe559d2560c79fb904b5cf2f382a68
results/synthetic_pilot/runs.csv,32978,428b7dd72c0e14b821f77f6e7fcc84bb2bad2d0b83c8a9b4a197d6bd7dc6b76c
